name,pool,seq,size,%gc,tm (use 65)
rabv_ea_1_LEFT,1,CAAAATCAGAGAAGAAGCAGAAAGTGT,27,37.04,60.96
rabv_ea_1_RIGHT,1,CATCAGTACGCTTTATCTCCACTAGAG,27,44.44,61.27
rabv_ea_2_LEFT,2,GCAGTTCTTTGAGGGGACATGT,22,50.00,61.00
rabv_ea_2_RIGHT,2,AAACATGTCGTAGGTTCCGGC,21,52.38,61.04
rabv_ea_3_LEFT,1,TGGAGCACCATACCCTAATGACA,23,47.83,61.40
rabv_ea_3_RIGHT,1,TGACCCATATAACATCCAACAAAGTGA,27,37.04,61.25
rabv_ea_4_LEFT,2,ACTAGGCTTGAGTGGGAAGTCA,22,50.00,60.95
rabv_ea_4_RIGHT,2,CTCCGTATATGCGATCTCTTTAGTCG,26,46.15,61.37
rabv_ea_5_LEFT,1,TGAGGACTACTTCTCCGGTGAAA,23,47.83,61.01
rabv_ea_5_RIGHT,1,TGTCCACTTCTATAGGCTCCCC,22,54.55,60.88
rabv_ea_6_LEFT,2,TGGCTGAAGAGACTGTTGATCTG,23,47.83,60.56
rabv_ea_6_RIGHT,2,TCTCGACCAGTGGTTTGGGT,20,55.00,61.07
rabv_ea_7_LEFT,1,GGTTCCTCAAGATATGGTCACAGAC,25,48.00,61.29
rabv_ea_7_RIGHT,1,CGAGTCACGCCTGGTACATTTT,22,50.00,61.36
rabv_ea_8_LEFT,2,CAGGGATATTCTTGTATAATTTTGAGCAGT,30,33.33,60.88
rabv_ea_8_RIGHT,2,GCTGACACAGGAGAGGGTTTTT,22,50.00,60.93
rabv_ea_9_LEFT,1,AACAGGCAACACCACTGATAAAATG,25,40.00,60.89
rabv_ea_9_RIGHT,1,TGGAATCAGCCCACTGGAAGAT,22,50.00,61.62
rabv_ea_10_LEFT,2,TGGATTAGCTTTGTCAGGAGCC,22,50.00,60.54
rabv_ea_10_RIGHT,2,TGTTCTATTGCTCCCAAGGGTTG,23,47.83,61.07
rabv_ea_11_LEFT,1,GCTTCTAGAATAATCAGACTATATCCTGCA,30,36.67,61.22
rabv_ea_11_RIGHT,1,CTGACAGGTTGGTGCATCCTT,21,52.38,60.65
rabv_ea_12_LEFT,2,CCCTATCTACACGATACCAGACAAAC,26,46.15,61.17
rabv_ea_12_RIGHT,2,GGGGATATGATAACGAGAGACTCCT,25,48.00,61.20
rabv_ea_13_LEFT,1,CATACAACTGGAAGATGGCCGG,22,54.55,61.50
rabv_ea_13_RIGHT,1,AGTCCAAGAACTCCACATAACTTGAG,26,42.31,61.18
rabv_ea_14_LEFT,2,ATCCAAAGGGGGTAAAACCTGC,22,50.00,61.01
rabv_ea_14_RIGHT,2,TCTCATTCCAAGTCCGGACTGA,22,50.00,61.01
rabv_ea_15_LEFT,1,CCTGGGTTCGGAAAAGCATACA,22,50.00,61.06
rabv_ea_15_RIGHT,1,AGTAATACATATTTCCCCCAGTTCGG,26,42.31,60.91
rabv_ea_16_LEFT,2,GGCTGAGGATTTTGTAGAGGTTCA,24,45.83,60.89
rabv_ea_16_RIGHT,2,CTCGTGACTCTTGAATCTACCCTG,24,50.00,60.76
rabv_ea_17_LEFT,1,TTCTGAAGGTCACCTCCCCTT,21,52.38,60.52
rabv_ea_17_RIGHT,1,GCTTAGATGACCCAGCCCTTTA,22,50.00,60.01
rabv_ea_18_LEFT,2,CAATCTGCCTCCAATGAAGGACA,23,47.83,61.13
rabv_ea_18_RIGHT,2,AACTTTGTAAGACCTGGAGCAATTG,25,40.00,60.37
rabv_ea_19_LEFT,1,ACTACAACCTCAACTCCCCTTTG,23,47.83,60.44
rabv_ea_19_RIGHT,1,TGAATACGTGTTGGCCAGATACC,23,47.83,60.93
rabv_ea_20_LEFT,2,CGGAAATAGAGGGTTGAGAATCCC,24,50.00,61.06
rabv_ea_20_RIGHT,2,AAGTCATCTGAGTATCGGGGCT,22,50.00,60.88
rabv_ea_21_LEFT,1,ACTCATGCTAAAAGATCTTTTCTTGTCTC,29,34.48,60.92
rabv_ea_21_RIGHT,1,TTCGATAATCTATATAGGGGTGCCC,25,44.00,59.79
rabv_ea_22_LEFT,2,AGGGTTCTGGATCAGTTCGACA,22,50.00,61.27
rabv_ea_22_RIGHT,2,TGTGATTTATCATCCAATATTTCTGACGG,29,34.48,60.87
rabv_ea_23_LEFT,1,ATCTGGTAGGGGATACATGGCA,22,50.00,60.62
rabv_ea_23_RIGHT,1,GTCAGTGCGTCAAAAAGTGGC,21,52.38,60.96
rabv_ea_24_LEFT,2,TCTTTGCTCTAATGTCATGGAATCTAAGA,29,34.48,61.18
rabv_ea_24_RIGHT,2,AGGTTGGGCCGTTGGACATAT,21,52.38,61.91
rabv_ea_25_LEFT,1,TCCAGAAGTCTTGGATCTATTATTCAGAC,29,37.93,61.03
rabv_ea_25_RIGHT,1,TGAGAAAGTCATAACTGCACATGG,24,41.67,59.62
rabv_ea_26_LEFT,2,TCAAGGAATGCACTTTCAATATACCG,26,38.46,60.40
rabv_ea_26_RIGHT,2,TCCTCGACATGGCTAGGAGAAA,22,50.00,60.81
rabv_ea_27_LEFT,1,TTCCACTACCTGTTATTTAGCCCG,24,45.83,60.70
rabv_ea_27_RIGHT,1,ATTTTCCACCTTGTCCACCTCG,22,50.00,61.00
rabv_ea_28_LEFT,2,ATAAAAGGAGGTGCCAGTCCCA,22,50.00,61.56
rabv_ea_28_RIGHT,2,ATCTCCCTAAGTAGATCTGCCCT,23,47.83,59.86
rabv_ea_29_LEFT,1,AATCGGATGACCCAGACACCT,21,52.38,61.01
rabv_ea_29_RIGHT,1,GCCAAGTTAGAGTTTCTAGTAATGAACC,28,39.29,60.70
rabv_ea_30_LEFT,2,CGACCCAGCTATTCCATGCAT,21,52.38,60.65
rabv_ea_30_RIGHT,2,CAGCCTTGTGTCTCTCTGTACC,22,54.55,60.53
rabv_ea_31_LEFT,1,ACTCAAGACGGGAAGAACTACGA,23,47.83,61.31
rabv_ea_31_RIGHT,1,ACCTTGCCGTATATGTTGACAGG,23,47.83,60.94
rabv_ea_32_LEFT,2,GGAAAAGTCTCGCCATATAGGGTC,24,50.00,61.12
rabv_ea_32_RIGHT,2,CGTAGCACATGTTGGAGATAACAC,24,45.83,60.28
rabv_ea_33_LEFT,1,CTCAGAAAATCCCCGCTGCTTA,22,50.00,60.86
rabv_ea_33_RIGHT,1,CCAGTCATGGTTCTAGCTGCAT,22,50.00,60.60
rabv_ea_34_LEFT,2,GGGCATGGAGAAGATACTTTAGAGTC,26,46.15,61.18
rabv_ea_34_RIGHT,2,ACATGTTGAGAACTGCCCTTGA,22,45.45,60.34
rabv_ea_35_LEFT,1,GCCCATTCTAGACGATCTCAATGT,24,45.83,60.82
rabv_ea_35_RIGHT,1,ACAGTGGTCCATCTATAGACAATGC,25,44.00,60.84
rabv_ea_36_LEFT,2,TGACCTCATTATTTGTGATGCGGA,24,41.67,60.95
rabv_ea_36_RIGHT,2,CAGGAAATCCCCTTACAAGATCTTGA,26,42.31,61.02
rabv_ea_37_LEFT,1,TGTATTATTCAATTGCAGCAGCCC,24,41.67,60.52
rabv_ea_37_RIGHT,1,TAGAGGTCGTGAAGTCTTGCGA,22,50.00,61.31
rabv_ea_38_LEFT,2,AAATCCTGAGGCACTTCAACATATG,25,40.00,60.02
rabv_ea_38_RIGHT,2,TTCTGGGGATGTCCGGTTTACA,22,50.00,61.54
