Primer Name,Sequence,Pool,Length,Tm,GC%,Start,End
rabvPeru_1_LEFT,TGGATGCCGACAAGATTGTATTCA,1,24,60.63,41.67,71,95
rabvPeru_1_RIGHT,CTTGTCAGTTCCATGCCTCCTG,1,22,61.20,54.55,459,437
rabvPeru_2_LEFT,CGAAAAGGAGACAAGATCACCCC,2,23,61.18,52.17,361,384
rabvPeru_2_RIGHT,CAACTGTGCCTACCCTGATTGC,2,22,61.77,54.55,758,736
rabvPeru_3_LEFT,ATGTGTGCTAATTGGAGTACTATACCGA,1,28,61.79,39.29,646,674
rabvPeru_3_RIGHT,TCAGGGATCTGACTTGACCCAT,1,22,60.56,50.00,1046,1024
rabvPeru_4_LEFT,CCGTTCACTAGGATTGAGTGGGA,2,23,61.69,52.17,936,959
rabvPeru_4_RIGHT,ACGGGCTTGATGATTGGAACTG,2,22,61.20,50.00,1372,1350
rabvPeru_5_LEFT,GAAACCAGAAGTCCAGAAGCTGT,1,23,60.75,47.83,1261,1284
rabvPeru_5_RIGHT,GCCTCATGTCCTCAGGGAGATT,1,22,61.55,54.55,1676,1654
rabvPeru_6_LEFT,TGAGATGGCTGAAGAGACTGTTGA,2,24,61.54,45.83,1566,1590
rabvPeru_6_RIGHT,TGTTGTCTCCTTCTTGGGCTCT,2,22,61.29,50.00,1987,1965
rabvPeru_7_LEFT,TCCTATGTCACGGTCAACTTCCC,1,23,61.94,52.17,1891,1914
rabvPeru_7_RIGHT,CTTAGGGGGAGTTTGGATCCGT,1,22,61.49,54.55,2292,2270
rabvPeru_8_LEFT,TTGAGCAGTTGAAAATGAACCTTGATG,2,27,61.16,37.04,2192,2219
rabvPeru_8_RIGHT,GAAGCCACAGGTCATCGTCATC,2,22,61.31,54.55,2595,2573
rabvPeru_9_LEFT,CACCACTGATAAAATGAACTTTCTACGT,1,28,60.32,35.71,2482,2510
rabvPeru_9_RIGHT,TCAGCCCACTGGAAGATAAGGG,1,22,61.49,54.55,2872,2850
rabvPeru_10_LEFT,TTGGGTTAGTCAAAGTTGTTATTGGACT,2,28,61.27,35.71,2763,2791
rabvPeru_10_RIGHT,AAGCCCGTATGTTCTCTCCTCC,2,22,61.54,54.55,3165,3143
rabvPeru_11_LEFT,AGACACAAAGGTCTGAAGAGGACA,1,24,61.42,45.83,3054,3078
rabvPeru_11_RIGHT,CTGACAGGTTGGTGCATCCTTC,1,22,61.45,54.55,3490,3468
rabvPeru_12_LEFT,CCAGACAAACTTGGTCCCTGGA,2,22,62.15,54.55,3393,3415
rabvPeru_12_RIGHT,GGGTCCAAATCTGCCACACTTG,2,22,61.98,54.55,3803,3781
rabvPeru_13_LEFT,ACACAATCCGTACCCTGACTACC,1,23,61.69,52.17,3707,3730
rabvPeru_13_RIGHT,TTTGCATAGCGACCCATGTTCC,1,22,61.52,50.00,4105,4083
rabvPeru_14_LEFT,CGGCTTTGTAGATGAAAGAGGCC,2,23,61.78,52.17,3992,4015
rabvPeru_14_RIGHT,TCCGGACTGACTTGTAGTGAGC,2,22,61.71,54.55,4372,4350
rabvPeru_15_LEFT,GAGTTTCAGACGTCTCAGTCATTTAAGA,1,28,61.19,39.29,4259,4287
rabvPeru_15_RIGHT,TCAACCCCTGAGACCTGTTTGT,1,22,61.50,50.00,4664,4642
rabvPeru_16_LEFT,TTGCAGACCCGTCCACAGTTTT,2,22,62.91,50.00,4567,4589
rabvPeru_16_RIGHT,TATTGAGCCCAGAGATTCCCCC,2,22,61.30,54.55,4972,4950
rabvPeru_17_LEFT,TAAAAGTGGGGGTGAGACTAGGC,1,23,61.65,52.17,4862,4885
rabvPeru_17_RIGHT,GTTGAGTTCGCTATCACGGGAC,1,22,61.30,54.55,5225,5203
rabvPeru_18_LEFT,GATACCAAAGGTTGTGGACGGG,2,22,61.20,54.55,5127,5149
rabvPeru_18_RIGHT,CTCAAGATGTTGGGGACAGTGG,2,22,60.88,54.55,5507,5485
rabvPeru_19_LEFT,TCAAGATGCTAGATCCAGGAGAAGT,1,25,60.87,44.00,5407,5432
rabvPeru_19_RIGHT,TCTGTTATACATCTCCGGCTCCTG,1,24,61.53,50.00,5768,5744
rabvPeru_20_LEFT,TCTCTTAAAGTGGGTGGGACCG,2,22,61.67,54.55,5670,5692
rabvPeru_20_RIGHT,TTTGTCACAATCAGCAGTCCCC,2,22,61.08,50.00,6089,6067
rabvPeru_21_LEFT,AGACCATCCTAGCATTATGGAAAGATT,1,27,60.20,37.04,5989,6016
rabvPeru_21_RIGHT,ACACAGGAAAGTCTCCCAAGGA,1,22,60.96,50.00,6397,6375
rabvPeru_22_LEFT,GGCTATGAAGTCATTAAAATATTGGAGCC,2,29,60.98,37.93,6291,6320
rabvPeru_22_RIGHT,GCAAGGAATCGCGAATCCAGAT,2,22,61.38,50.00,6701,6679
rabvPeru_23_LEFT,AGTGATAGATAAGTCCTACCAAGAGTGT,1,28,60.80,39.29,6590,6618
rabvPeru_23_RIGHT,CAAAAACTCTCGGGGGTTGACA,1,22,61.01,50.00,6981,6959
rabvPeru_24_LEFT,ACTAGCTTCCTGGCTGTCAGAG,2,22,61.47,54.55,6878,6900
rabvPeru_24_RIGHT,CCCTCGAATAGTCCAAAAGCCC,2,22,61.01,54.55,7243,7221
rabvPeru_25_LEFT,TTGCCTCTTTTTGACGCACTGA,1,22,61.26,45.45,7140,7162
rabvPeru_25_RIGHT,CTTTTGCCGTAAGCCCTCTAGC,1,22,61.57,54.55,7515,7493
rabvPeru_26_LEFT,CAGACCTCATCGGGTTATGGGA,2,22,61.28,54.55,7408,7430
rabvPeru_26_RIGHT,ACCTCGAAACAAGGGAGTCTTCC,2,23,62.13,52.17,7809,7786
rabvPeru_27_LEFT,TGCACTTTCAATATACCGAGCCA,1,23,60.37,43.48,7685,7708
rabvPeru_27_RIGHT,ATTCCAGACACCCCTCCCAAAG,1,22,61.97,54.55,8123,8101
rabvPeru_28_LEFT,GGGCAGAGTTTACAAGATTCTGAGT,2,25,60.80,44.00,8021,8046
rabvPeru_28_RIGHT,CCACCTTGTCCACCTCGTCATA,2,22,61.73,54.55,8395,8373
rabvPeru_29_LEFT,CGCCTTCTAGAAGATCCGACCA,1,22,61.59,54.55,8286,8308
rabvPeru_29_RIGHT,TCTGCCCTCTCTGAAGAGCAAG,1,22,61.73,54.55,8708,8686
rabvPeru_30_LEFT,AAGAATCCTTCTACAACTCAGAGATCC,2,27,60.15,40.74,8608,8635
rabvPeru_30_RIGHT,AGAGCCCTTTTCACCACATGAA,2,22,60.16,45.45,8990,8968
rabvPeru_31_LEFT,TTTTTCACGAGGCCCCCTAAAG,1,22,60.82,50.00,8879,8901
rabvPeru_31_RIGHT,AAAGCATCAACGGCTGGAACAT,1,22,61.40,45.45,9283,9261
rabvPeru_32_LEFT,GCCCGAACCTCCTCTCTCATAT,2,22,61.08,54.55,9181,9203
rabvPeru_32_RIGHT,ATCCTGAGTCGTGAATTGCCAC,2,22,60.94,50.00,9607,9585
rabvPeru_33_LEFT,CCGTTTGAGACCAGGTGATTTTGA,1,24,61.52,45.83,9494,9518
rabvPeru_33_RIGHT,GGCGGGGATTTTCTGAGGGATA,1,22,61.88,54.55,9879,9857
rabvPeru_34_LEFT,TCCTGAGGCTGGATAATCACCC,2,22,61.29,54.55,9784,9806
rabvPeru_34_RIGHT,CCAGGACCTGCCTCATCAAAGAA,2,23,62.46,52.17,10144,10121
rabvPeru_35_LEFT,ACCAGTCTCATCTCCTACTCCAGA,1,24,61.62,50.00,10045,10069
rabvPeru_35_RIGHT,TTGCCCACTGAACCACTCTCAG,1,22,62.45,54.55,10450,10428
rabvPeru_36_LEFT,CTGCTCAACAGGTTGCAGTCTC,2,22,61.69,54.55,10324,10346
rabvPeru_36_RIGHT,GGACGGTTTTTCCCAGATGGAG,2,22,61.20,54.55,10719,10697
rabvPeru_37_LEFT,GAACACATCCACTGCCTCCATC,1,22,61.26,54.55,10624,10646
rabvPeru_37_RIGHT,CCTCGTTTGGAGAATCGGAGGTA,1,23,61.74,52.17,11039,11016
rabvPeru_38_LEFT,TTCAACACCTGTCAAGAGCGTT,2,22,60.68,45.45,10939,10961
rabvPeru_38_RIGHT,GCCACTTTAGACAGAGTTCCCCT,2,23,61.89,52.17,11309,11286
rabvPeru_39_LEFT,TGAGATGATCATAACTCTGATTGACAGT,1,28,60.17,35.71,11207,11235
rabvPeru_39_RIGHT,AAGCTAGAATTACAGGCCACCCT,1,23,61.40,47.83,11618,11595
rabvPeru_40_LEFT,TCGCAAGACTTCACGACCTGTA,2,22,61.65,50.00,11479,11501
rabvPeru_40_RIGHT,ATCACACAAGACTCTTAGCATGTGC,2,25,61.59,44.00,11842,11817
