ID,lineage,year,place,Lat,Long,species,date,country
KR906748,A1.2,2010,Chake Chake,-5.260469,39.815016,Domestic dog,15/12/2010,Tanzania
KR906752,A1.2,2011,Kati,-6.172821241,39.36118087,Domestic dog,11/02/2011,Tanzania
KR906746,A1.2.1,2010,Ilala,-6.886774422,39.16627395,Domestic dog,02/11/2010,Tanzania
KR906747,A1.2.1,2010,Mufindi,-8.558023865,35.27626447,Domestic dog,26/11/2010,Tanzania
KR906751,A1.2.1,2011,Nachingwea,-10.39948846,38.3677193,Unknown,07/02/2011,Tanzania
KR906757,A1.2.1,2010,Nachingwea,-10.39948846,38.3677193,Unknown,03/10/2010,Tanzania
LN001,A1.2.1,2021,Ruangwa,-10.04001,38.555999,Domestic dog,10/03/2021,Tanzania
LN002,A1.2.1,2021,Mtama,-10.300802,39.364712,Fox,16/11/2021,Tanzania
LN003,A1.2.1,2021,Mtama,-10.300802,39.364712,Fox,05/11/2021,Tanzania
LN006,A1.2.1,2021,Mtama,-10.300802,39.364712,Domestic dog,20/07/2021,Tanzania
MAS1016,A1.2.1,2022,Masasi,-10.801285,38.895829,Jackal,16/03/2022,Tanzania
MT004,A1.2.1,2022,Tandahimba,-10.738551,39.569184,Jackal,10/03/2022,Tanzania
MT005,A1.2.1,2022,Tandahimba,-10.738551,39.569184,Jackal,10/03/2022,Tanzania
MT006,A1.2.1,2018,Rural,-10.311224,40.175981,Domestic dog,22/06/2018,Tanzania
NAC1014,A1.2.1,2022,Nachingwea,-10.33562,38.692707,Domestic Dog,14/08/2022,Tanzania
NAC1015,A1.2.1,2022,Nachingwea,-10.33562,36.559167,Domestic Dog,14/08/2022,Tanzania
NAC1017,A1.2.1,2022,Nachingwea,-10.309751,38.776601,Jackal,24/03/2022,Tanzania
NAC1018,A1.2.1,2022,Nachingwea,-10.212662,38.760241,Jackal,15/04/2022,Tanzania
NAC1025,A1.2.1,2022,Nachingwea,-10.413398,38.777494,Domestic dog,14/08/2022,Tanzania
TAN1019,A1.2.1,2022,Tandahimba,-10.789479,39.888254,Jackal,11/04/2022,Tanzania
2011100075,A1.2.2,2018,Makueni,-1.799008071,37.59439993,Bovine,13/07/2018,Kenya
02196160414A,A1.2.2,2019,Makueni,-1.799008071,37.59439993,Domestic dog,07/08/2019,Kenya
KR534219,A1.2.2,2007,Serengeti,-1.813945552,34.67066401,Domestic dog,03/11/2007,Tanzania
KR534228,A1.2.2,2010,Serengeti,-1.668603355,34.67803089,Domestic dog,13/05/2004,Tanzania
KR534231,A1.2.2,2010,Serengeti,-1.785062,34.630123,Domestic dog,08/11/2010,Tanzania
KR534234,A1.2.2,2011,Serengeti,-1.798939838,34.64406566,Livestock: Cow,16/01/2011,Tanzania
KR534238,A1.2.2,2011,Serengeti,-2.007093089,34.49467062,Domestic dog,17/02/2011,Tanzania
KR534251,A1.2.2,2011,Serengeti,-1.771424,34.422852,Domestic dog,19/09/2011,Tanzania
KR534252,A1.2.2,2011,Serengeti,-1.768539072,34.42263416,Domestic dog,23/09/2011,Tanzania
KR906734,A1.2.2,2008,Serengeti,-1.783307945,34.76543112,Domestic dog,12/07/2008,Tanzania
KR906739,A1.2.2,2004,Ngorongoro,-1.865997941,35.4901408,Livestock: Cow,18/04/2004,Tanzania
KR906743,A1.2.2,2010,Temeke,-6.88187593,39.38749281,Domestic dog,03/05/2010,Tanzania
KR906744,A1.2.2,2010,Mufindi,-8.558023865,35.27626447,Domestic dog,27/05/2010,Tanzania
KR906759,A1.2.2,2010,Morogoro,-6.955078258,37.81226603,Domestic dog,16/04/2010,Tanzania
KR906774,A1.2.2,2011,Serengeti,-1.782610874,34.37710982,Domestic dog,22/09/2011,Tanzania
KR906779,A1.2.2,2012,Serengeti,-1.77009011,34.7811902,Domestic dog,19/02/2012,Tanzania
KR906785,A1.2.2,2012,Serengeti,-1.828459,34.632381,Domestic dog,11/06/2012,Tanzania
KR906790,A1.2.2,2012,Serengeti,-1.769343969,34.41095005,Domestic dog,27/07/2012,Tanzania
KR906791,A1.2.2,2012,Serengeti,-1.722289,34.418078,Domestic dog,23/01/2012,Tanzania
KX148206,A1.2.2,1996,Serengeti,-1.816413171,34.32556688,Domestic dog,01/01/1996,Tanzania
KX148207,A1.2.2,2014,Serengeti,-1.816413171,34.32556688,Homo sapiens,01/01/2014,Tanzania
KY210223,A1.2.2,2007,Serengeti,-1.738969911,34.6053498,Domestic dog,22/06/2007,Tanzania
KY210245,A1.2.2,2012,Serengeti,-1.727152,34.39847,Domestic dog,10/08/2012,Tanzania
KY210252,A1.2.2,2012,Serengeti,-1.714233,34.402406,Domestic dog,08/12/2012,Tanzania
KY210253,A1.2.2,2013,Serengeti,-1.634171058,34.33686438,Domestic dog,18/01/2013,Tanzania
KY210254,A1.2.2,2013,Serengeti,-1.576171112,34.38553038,Domestic dog,11/01/2013,Tanzania
KY210255,A1.2.2,2013,Serengeti,-1.598852612,34.3889338,Domestic dog,04/01/2013,Tanzania
KY210256,A1.2.2,2013,Serengeti,-1.616752,34.362837,Domestic dog,06/01/2013,Tanzania
KY210263,A1.2.2,2013,Serengeti,-1.674268917,34.61944164,Domestic dog,13/04/2013,Tanzania
KY210264,A1.2.2,2013,Serengeti,-1.646597,34.549366,Domestic dog,10/04/2013,Tanzania
KY210266,A1.2.2,2013,Serengeti,-1.580657612,34.42477246,Domestic dog,01/02/2013,Tanzania
KY210280,A1.2.2,2012,Serengeti,-1.770447757,34.42223114,Domestic dog,30/01/2012,Tanzania
KY210281,A1.2.2,2012,Serengeti,-1.767896377,34.42333475,Domestic dog,19/01/2012,Tanzania
KY210282,A1.2.2,2012,Serengeti,-1.771565359,34.42727439,Domestic dog,26/01/2012,Tanzania
KY210285,A1.2.2,2012,Serengeti,-1.778396938,34.8032783,Livestock: Goat,08/03/2012,Tanzania
KY210306,A1.2.2,2012,Serengeti,-1.77569,34.778724,Wildlife: Civet,26/05/2012,Tanzania
KY210309,A1.2.2,2012,Serengeti,-1.600632,34.33864,Domestic dog,31/05/2012,Tanzania
KY210311,A1.2.2,2012,Serengeti,-1.785223,34.426467,Domestic dog,29/04/2012,Tanzania
MN726814,A1.2.2,2018,,NA,NA,feline,01/01/2018,Kenya
MN726816,A1.2.2,2018,,NA,NA,Capra hircus,01/01/2018,Kenya
MN726821,A1.2.2,2018,,NA,NA,Bos taurus,01/01/2018,Kenya
MN726829,A1.2.2,2017,Rorya,-1.050275,-115.916586,Domestic dog,28/12/2017,Tanzania
MN726831,A1.2.2,2013,,NA,NA,Bos taurus,01/01/2013,Kenya
MN726833,A1.2.2,2017,Serengeti,-1.753467,34.617295,Domestic dog,05/04/2017,Tanzania
MR007,A1.2.2,2021,Kilosa,-6.834274,36.991712,Domestic dog,04/05/2021,Tanzania
MT001,A1.2.2,2020,Tandahimba,-10.738551,39.569184,Domestic dog,21/11/2020,Tanzania
SD750,A1.2.2,2019,Serengeti ,-1.842388,34.682603,Cat,19/11/2019,Tanzania
SD759,A1.2.2,2019,Serengeti ,-1.737298,34.575145,Domestic Dog,19/11/2019,Tanzania
SD761,A1.2.2,2020,Serengeti ,-1.727248,34.503758,Domestic dog,02/07/2020,Tanzania
SD763,A1.2.2,2020,Serengeti ,-1.840833,34.66404,Domestic dog,02/07/2020,Tanzania
SD782,A1.2.2,2021,Rorya,-1.151977,34.020507,Domestic Dog,21/04/2021,Tanzania
SD790,A1.2.2,2021,Serengeti ,-1.832079,34.666014,Jackal,13/01/2021,Tanzania
SD791,A1.2.2,2020,Serengeti ,-1.806927,34.805666,Jackal,30/11/2020,Tanzania
SD792,A1.2.2,2021,Serengeti ,-1.856904,34.639337,Domestic Dog,04/03/2021,Tanzania
SD799,A1.2.2,2021,Serengeti ,-1.770879,34.779912,Jackal,21/06/2021,Tanzania
SD801,A1.2.2,2021,Serengeti ,-1.814434,34.805558,Domestic dog,18/07/2021,Tanzania
SD807,A1.2.2,2021,Serengeti ,-1.871526,34.798132,Honey badger,28/10/2021,Tanzania
SD809,A1.2.2,2021,Tarime,-1.21343,34.389903,Domestic dog,30/10/2021,Tanzania
SD810,A1.2.2,2021,Tarime,-1.551249,33.955434,Goat,03/11/2021,Tanzania
SD830,A1.2.2,2022,Rorya,-1.189745,34.181964,Domestic dog,18/03/2022,Tanzania
Z0083186,A1.2.2,2018,Makueni ,-1.799008071,37.59439993,Bovine,06/08/2018,Kenya
Z0083197,A1.2.2,2021,Mbooni,-1.799008071,37.59439993,Domestic dog,12/03/2021,Kenya
Z0083198,A1.2.2,2021,Mbooni,-1.799008071,37.59439993,Domestic dog,30/03/2021,Kenya
Z0083200,A1.2.2,2021,Makueni,-1.799008071,37.59439993,Domestic dog,26/07/2021,Kenya
Z0083201,A1.2.2,2021,Makueni,-1.799008071,37.59439993,Caprine,26/08/2021,Kenya
Z0083202,A1.2.2,2021,makueni,-1.786495,37.631107,Domestic Dog,19/10/2021,Kenya
Z0083203,A1.2.2,2021,makueni,-1.786495,37.631107,Domestic dog,18/10/2021,Kenya
Z0083215,A1.2.2,2021,makueni,-1.786495,37.631107,Domestic dog,21/05/2021,Kenya
Z0083222,A1.2.2,2021,Mbooni,-1.667077,37.4615,Caprine,19/08/2021,Kenya
Z0083234,A1.2.2,2021,makueni,-1.786495,37.631107,Domestic Dog,15/11/2021,Kenya
2010818843,AF1a_A1.1,2013,Starehe,-1.283153766,36.82423379,Human,12/03/2013,Kenya
2011100186,AF1a_A1.1,2017,Kisumu East ,-0.025538055,34.79142003,Domestic dog,12/09/2017,Kenya
2021153276,AF1a_A1.1,2022,South West Sakwa,-0.112238,34.201307,Human,29/08/2022,Kenya
MN726805,AF1a_A1.1,2017,,NA,NA,Ovis aries,01/01/2017,Kenya
MN726810,AF1a_A1.1,2015,,NA,NA,Homo sapiens,01/01/2015,Kenya
MN726812,AF1a_A1.1,2017,,NA,NA,Canis familiaris,01/01/2017,Kenya
MN726819,AF1a_A1.1,2013,,NA,NA,Homo sapiens,01/01/2013,Kenya
MN726830,AF1a_A1.1,2018,,NA,NA,Bos taurus,01/01/2018,Kenya
Z0083175,AF1a_A1.1,2019,Alego Usonga,0.08863336,34.22519061,Bovine,16/07/2019,Kenya
Z00861806,AF1a_A1.1,2022,South Gem,-0.0475245,34.4200927,Domestic dog,16/06/2022,Kenya
Z00861807,AF1a_A1.1,2022,North Uyoma,-0.2436026,34.3405267,Domestic dog,09/06/2022,Kenya
Z00861808,AF1a_A1.1,2022,Ugunja,0.1992256,34.3392067,Domestic dog,03/06/2022,Kenya
Z00861809,AF1a_A1.1,2022,Sigomre,0.2023327,34.3630015,Bovine,28/05/2022,Kenya
Z00861810,AF1a_A1.1,2022,Siaya Township,0.0555359,34.2825282,Domestic dog,25/05/2022,Kenya
Z00861811,AF1a_A1.1,2022,Siaya Township,0.0514289,34.2779851,Domestic dog,23/05/2022,Kenya
Z00861815,AF1a_A1.1,2022,West Alego,0.07509,34.1514466,Domestic dog,01/05/2022,Kenya
Z00861816,AF1a_A1.1,2022,Central Alego,0.0887153,34.1981338,Domestic dog,27/04/2022,Kenya
Z00861820,AF1a_A1.1,2022,West Uyoma,-0.2553002,34.3097779,Domestic dog,01/04/2022,Kenya
Z00861823,AF1a_A1.1,2022,West Uyoma,-0.2885262,34.305724,Domestic dog,20/03/2022,Kenya
Z00861824,AF1a_A1.1,2022,Yimbo East,0.0876167,34.1993533,Domestic dog,18/03/2022,Kenya
Z00861826,AF1a_A1.1,2022,West Sakwa,-0.0935193,34.2223259,Domestic dog,06/03/2022,Kenya
Z00861827,AF1a_A1.1,2022,East Asembo,-0.081198,34.3879835,Domestic dog,03/03/2022,Kenya
Z00861829,AF1a_A1.1,2022,Central Sakwa,-0.1389228,34.1935759,Domestic dog,26/02/2022,Kenya
Z00861831,AF1a_A1.1,2022,Central Alego,0.0935377,34.2324974,Bovine,17/02/2022,Kenya
Z00861832,AF1a_A1.1,2022,Siaya Township,0.0555358,34.3062222,Domestic dog,13/02/2022,Kenya
Z00861834,AF1a_A1.1,2022,West Alego,0.0864564,34.1967015,Domestic dog,10/02/2022,Kenya
Z00861835,AF1a_A1.1,2022,Yimbo East,-0.0597567,34.1457683,Domestic dog,05/02/2022,Kenya
Z00861836,AF1a_A1.1,2022,Yimbo East,-0.0511755,34.1472944,Domestic dog,31/01/2022,Kenya
Z00861837,AF1a_A1.1,2022,Bondo,-0.100337,34.275499,Domestic dog,18/01/2022,Kenya
Z00861838,AF1a_A1.1,2022,Bondo,-0.100337,34.275499,Domestic dog,14/01/2022,Kenya
Z00861839,AF1a_A1.1,2021,Siaya,-0.062629,34.287807,Domestic Dog,17/12/2021,Kenya
Z00861840,AF1a_A1.1,2021,Siaya,-0.062629,34.287807,Domestic Dog,22/12/2021,Kenya
Z00861841,AF1a_A1.1,2021,South East Alego,-0.0594856,34.2839401,Domestic dog,20/12/2021,Kenya
Z00861842,AF1a_A1.1,2021,South East Alego,-0.0594856,34.2839401,Domestic dog,20/12/2021,Kenya
Z00861843,AF1a_A1.1,2021,Yimbo East,-0.032877,34.204205,Domestic Dog,09/12/2021,Kenya
Z00861844,AF1a_A1.1,2021,Rarieda,-0.157945443,34.41227149,Bovine,02/12/2021,Kenya
Z00861845,AF1a_A1.1,2021,Rarieda,-0.157945443,34.41227149,Bovine,25/11/2021,Kenya
Z00861846,AF1a_A1.1,2021,Rarieda,-0.157945443,34.41227149,Ovine,23/11/2021,Kenya
Z00861847,AF1a_A1.1,2021,Bondo,-0.1179414,34.2079476,Bovine,11/11/2021,Kenya
Z00861850,AF1a_A1.1,2021,Bondo,-0.100337,34.275499,Domestic dog,03/11/2021,Kenya
Z00861851,AF1a_A1.1,2021,Bondo,-0.100337,34.275499,Domestic dog,03/11/2021,Kenya
Z00861852,AF1a_A1.1,2021,Rarieda,-0.022929853,34.12224665,Domestic dog,06/11/2021,Kenya
Z00861853,AF1a_A1.1,2021,Bondo,-0.100337,34.275499,Domestic dog,04/11/2021,Kenya
Z00861854,AF1a_A1.1,2021,Bondo,-0.05166,34.15811,Canine,28/10/2021,Kenya
Z00861855,AF1a_A1.1,2021,Bondo,-0.100337,34.275499,Domestic dog,26/10/2021,Kenya
Z00861858,AF1a_A1.1,2021,Alego Usonga,0.08863336,34.22519061,Bovine,15/10/2021,Kenya
Z00861859,AF1a_A1.1,2021,Rarieda,-0.157945443,34.41227149,Domestic dog,14/10/2021,Kenya
Z00861860,AF1a_A1.1,2021,Bondo,-0.100337,34.275499,Domestic dog,12/10/2021,Kenya
Z00861862,AF1a_A1.1,2021,Alego Usonga,-0.0606193,34.2859671,Domestic Dog,01/10/2021,Kenya
Z00861863,AF1a_A1.1,2021,Rarieda,-0.157945443,34.41227149,Domestic dog,26/09/2021,Kenya
Z00861864,AF1a_A1.1,2021,Rarieda,-0.157945443,34.41227149,Domestic dog,21/09/2021,Kenya
Z00861865,AF1a_A1.1,2021,Bondo,-0.100337,34.275499,Domestic dog,11/09/2021,Kenya
Z00861867,AF1a_A1.1,2021,Bondo,-0.100337,34.275499,Domestic dog,05/09/2021,Kenya
Z00861869,AF1a_A1.1,2021,Bondo,-0.100337,34.275499,Domestic dog,05/09/2021,Kenya
Z00861870,AF1a_A1.1,2021,Alego Usonga,0.08863336,34.22519061,Domestic dog,05/09/2021,Kenya
Z00861871,AF1a_A1.1,2021,Alego Usonga,-0.0606193,34.2859671,Bovine,02/09/2021,Kenya
Z00861872,AF1a_A1.1,2021,Alego Usonga,0.08863336,34.22519061,Bovine,31/08/2021,Kenya
Z00861874,AF1a_A1.1,2021,Bondo,-0.0593687,34.070337,Canine,30/08/2021,Kenya
Z00861875,AF1a_A1.1,2021,Siaya,-0.100337,34.275499,Domestic dog,16/08/2021,Kenya
Z00861877,AF1a_A1.1,2021,Bondo,-0.100337,34.275499,Unknown,11/08/2021,Kenya
Z00865560,AF1a_A1.1,2022,North Gem,0.1134189,34.451805,Domestic dog,25/06/2022,Kenya
Z00865561,AF1a_A1.1,2022,Rarieda,-0.1394914,34.355399,Domestic dog,28/06/2022,Kenya
Z00865562,AF1a_A1.1,2022,South Gem,-0.0656039,34.405968,Domestic dog,29/06/2022,Kenya
Z00865563,AF1a_A1.1,2022,East Asembo,-0.1825339,34.3808759,Domestic dog,12/07/2022,Kenya
Z00865564,AF1a_A1.1,2022,West Asembo,-0.1400055,34.3601107,Domestic dog,13/07/2022,Kenya
Z00865566,AF1a_A1.1,2022,West Asembo,-0.1393568,34.3556882,Domestic dog,14/07/2022,Kenya
Z00865570,AF1a_A1.1,2022,South East Alego,0.0109183,34.2870951,Domestic dog,21/07/2022,Kenya
Z00865571,AF1a_A1.1,2022,East Asembo,-0.0726057,34.3791578,Domestic dog,23/07/2022,Kenya
Z0828879,AF1a_A1.1,2018,Siaya,0.077195474,34.47023396,Human,18/07/2018,Kenya
IFA1013,AF1b_A1,2022,Ifakara,-8.400762,36.559167,Domestic Dog,08/09/2022,Tanzania
IFA1023,AF1b_A1,2022,Ifakara,-8.400762,36.559167,Domestic Dog,23/07/2022,Tanzania
KD1004,AF1b_A1,2022,Kilombero,-8.400762,36.559167,Domestic Dog,11/02/2022,Tanzania
KIL1022,AF1b_A1,2022,Kilombero,-8.400762,36.559167,Domestic Dog,10/08/2022,Tanzania
KR906735,AF1b_A1,2008,Ulanga,-8.344893742,36.85615763,Domestic dog,06/08/2008,Tanzania
KR906736,AF1b_A1,2008,Ulanga,-8.342650598,36.84559597,Domestic dog,05/08/2008,Tanzania
KR906763,AF1b_A1,2010,Ulanga,-6.7568631,37.82494526,Livestock: Pig,17/05/2010,Tanzania
KR906764,AF1b_A1,2010,Kilombero,-8.076282887,37.01688779,Livestock: Cow,27/09/2010,Tanzania
KR906765,AF1b_A1,2010,Kilombero,-8.076282887,37.01688779,Livestock: Cow,28/09/2010,Tanzania
KR906766,AF1b_A1,2010,Chake Chake,-5.260469,39.815016,Domestic dog,26/11/2010,Tanzania
LN007,AF1b_A1,2021,Mtama,-10.300802,39.364712,Domestic dog,06/12/2021,Tanzania
MAL1008,AF1b_A1,2022,Malinyi,-9.053893,36.614229,Domestic Dog,23/07/2022,Tanzania
MAL1009,AF1b_A1,2022,Malinyi,-9.053893,36.614229,Domestic dog,09/05/2022,Tanzania
MAL1020,AF1b_A1,2022,Malinyi,-9.053893,36.614229,Domestic Dog,17/04/2022,Tanzania
MR001,AF1b_A1,2020,Ulanga,-8.87886,36.0876,Domestic dog,31/03/2020,Tanzania
MR005,AF1b_A1,2020,Ulanga,-8.87886,36.0876,Domestic dog,13/02/2020,Tanzania
MR006,AF1b_A1,2020,Ulanga,-8.87886,36.0876,Domestic dog,08/05/2020,Tanzania
MR008,AF1b_A1,2018,Ulanga,-8.87886,36.0876,Goat,13/11/2018,Tanzania
MR009,AF1b_A1,2019,Ulanga,-8.87886,36.0876,Domestic Dog,09/02/2019,Tanzania
RB002,AF1b_A1,2019,Ulanga,-8.87886,36.0876,Domestic dog,01/09/2019,Tanzania
RB003,AF1b_A1,2019,Ulanga,-8.87886,36.0876,Bovine,01/09/2019,Tanzania
SD746,AF1b_A1,2019,Serengeti ,-1.524610645,34.48028966,Domestic dog,24/06/2019,Tanzania
KR906775,AF1b_A1.1,2011,Serengeti,-1.899046,34.659015,Domestic dog,25/09/2011,Tanzania
KY210275,AF1b_A1.1,2013,Serengeti,-1.85288,34.79636,Livestock: Cow,04/09/2013,Tanzania
SD818,AF1b_A1.1,2022,Serengeti ,-1.885636,34.777171,Domestic Dog,31/01/2022,Tanzania
SD828,AF1b_A1.1,2022,Serengeti ,-1.899696,34.647253,Cow,15/05/2022,Tanzania
KR534217,AF1b_A1.1.1,2008,Serengeti,-1.841076,34.817045,Domestic dog,07/08/2008,Tanzania
KR534218,AF1b_A1.1.1,2008,Serengeti,-1.860621,34.768769,Domestic dog,02/08/2008,Tanzania
KR534220,AF1b_A1.1.1,2008,Serengeti,-1.863,34.804189,Domestic dog,31/07/2008,Tanzania
KR906737,AF1b_A1.1.1,2008,Serengeti,-1.765967632,34.78009889,Domestic dog,23/11/2008,Tanzania
KR906745,AF1b_A1.1.1,2010,Kibaha,-6.784121622,38.76459093,Domestic dog,26/10/2010,Tanzania
KR906783,AF1b_A1.1.1,2012,Serengeti,-1.845194477,34.52624002,Domestic dog,12/05/2012,Tanzania
KY210220,AF1b_A1.1.1,2008,Serengeti,-1.856381,34.81228,Livestock: Goat,28/09/2008,Tanzania
KY210221,AF1b_A1.1.1,2008,Serengeti,-1.856381,34.81228,Livestock: Goat,28/09/2008,Tanzania
KY210222,AF1b_A1.1.1,2009,Serengeti,-1.859082,34.797094,Domestic dog,17/01/2009,Tanzania
MN726803,AF1b_A1.1.1,2018,Serengeti,-1.818043333,34.71296333,Domestic dog,29/04/2018,Tanzania
SD716,AF1b_A1.1.1,2018,Serengeti ,-1.630177,34.3521,Domestic dog,18/05/2018,Tanzania
SD737,AF1b_A1.1.1,2020,Serengeti ,-1.824592,34.721631,Domestic dog,30/05/2020,Tanzania
SD751,AF1b_A1.1.1,2019,Serengeti ,-1.524610645,34.48028966,Domestic dog,30/06/2019,Tanzania
SD754,AF1b_A1.1.1,2020,Serengeti ,-1.86736,34.798751,Domestic Dog,06/01/2020,Tanzania
SD789,AF1b_A1.1.1,2020,Serengeti ,-1.594604,34.400336,Domestic Dog,16/12/2020,Tanzania
KR906741,AF1b_A1.1.2,2003,Ngorongoro,-2.06464625,35.55923307,Domestic dog,18/06/2003,Tanzania
KR906749,AF1b_A1.1.2,2010,Chake Chake,-5.260469,39.815016,Domestic dog,15/12/2010,Tanzania
KR906753,AF1b_A1.1.2,2011,Newala,-10.72142631,39.33143517,Unknown,28/02/2011,Tanzania
KR906761,AF1b_A1.1.2,2010,Morogoro,-6.7568631,37.82494526,Domestic dog,24/04/2010,Tanzania
KR906762,AF1b_A1.1.2,2010,Morogoro,-6.7568631,37.82494526,Unknown,01/01/2010,Tanzania
KR906767,AF1b_A1.1.2,2011,Serengeti,-1.8865143,34.72093684,Domestic dog,11/05/2011,Tanzania
KR906738,AF1b_B1,2004,Serengeti,-1.713704938,34.6124734,Domestic dog,14/02/2004,Tanzania
KR906786,AF1b_B1,2012,Serengeti,-1.835218,34.568412,Livestock: Donkey,16/06/2012,Tanzania
KY210228,AF1b_B1,2011,Serengeti,-1.734467063,34.60430347,Livestock: Goat,15/04/2011,Tanzania
KR534229,AF1b_B1.1,2010,Serengeti,-1.853547,34.679553,Domestic dog,22/10/2010,Tanzania
KR534232,AF1b_B1.1,2011,Serengeti,-1.586205,34.533755,Wildlife: Jackal,07/01/2011,Tanzania
KR534233,AF1b_B1.1,2011,Serengeti,-1.743431176,34.61266925,Domestic dog,12/01/2011,Tanzania
KR906756,AF1b_B1.1,2011,Serengeti,-1.756303511,34.61931291,Domestic dog,29/01/2011,Tanzania
KR906760,AF1b_B1.1,2010,Morogoro,-6.679196207,38.11430801,Domestic dog,23/04/2010,Tanzania
KR906772,AF1b_B1.1,2011,Serengeti,-1.826485551,34.63501305,Domestic dog,19/08/2011,Tanzania
KY210267,AF1b_B1.1,2013,Serengeti,-1.580657612,34.42477246,Domestic dog,31/01/2013,Tanzania
MN726811,AF1b_B1.1,2017,Serengeti,-1.872965,34.80467333,Domestic dog,07/08/2017,Tanzania
MN726822,AF1b_B1.1,2018,Serengeti,-1.684438333,34.36307667,Domestic dog,14/04/2018,Tanzania
MN726832,AF1b_B1.1,2017,Serengeti,-1.66814663,34.71742124,Domestic dog,08/09/2017,Tanzania
SD712,AF1b_B1.1,2018,Serengeti ,-1.864792,34.802878,Domestic dog,18/05/2018,Tanzania
SD753,AF1b_B1.1,2019,Serengeti ,-1.737298421,34.57514548,Domestic dog,20/11/2019,Tanzania
SD756,AF1b_B1.1,2021,Serengeti ,-1.840844136,34.66041726,Domestic dog,14/04/2021,Tanzania
SD766,AF1b_B1.1,2020,Musoma Urban,-1.544621,33.844015,Domestic dog,01/09/2020,Tanzania
SD767,AF1b_B1.1,2020,Musoma Urban,-1.544621,33.844015,Domestic Dog,28/09/2020,Tanzania
SD793,AF1b_B1.1,2021,Serengeti ,-1.79567,34.344089,Domestic Dog,11/03/2021,Tanzania
SD802,AF1b_B1.1,2021,Serengeti ,-1.742939,34.35651,Domestic dog,23/07/2021,Tanzania
SD813,AF1b_B1.1,2021,Serengeti ,-1.724149,34.359319,Domestic Dog,07/12/2021,Tanzania
SD815,AF1b_B1.1,2021,Serengeti ,-1.798441,34.800663,Domestic Dog,21/12/2021,Tanzania
SD817,AF1b_B1.1,2022,Serengeti ,-1.918005,34.520713,Domestic Dog,26/01/2022,Tanzania
SD823,AF1b_B1.1,2022,Serengeti ,-1.808071,34.402064,Domestic Dog,09/04/2022,Tanzania
SD825,AF1b_B1.1,2022,Serengeti ,-1.87692,34.506532,Domestic Dog,29/04/2022,Tanzania
SD826,AF1b_B1.1,2022,Serengeti ,-1.906932,34.647894,Domestic Dog,30/04/2022,Tanzania
SD827,AF1b_B1.1,2022,Serengeti ,-1.826998,34.615236,Domestic Dog,06/05/2022,Tanzania
SD831,AF1b_B1.1,2022,Rorya,-1.189745,34.181964,Domestic dog,03/05/2022,Tanzania
SD837,AF1b_B1.1,2022,Serengeti ,-1.719235,34.411862,Domestic Dog,20/06/2022,Tanzania
KR534244,AF1b_B1.1.1,2011,Serengeti,-1.883693,34.738765,Domestic dog,04/08/2011,Tanzania
KR534245,AF1b_B1.1.1,2011,Serengeti,-1.629875,34.363403,Livestock: Cow,03/08/2011,Tanzania
KR534246,AF1b_B1.1.1,2011,Serengeti,-1.690924,34.622915,Wildlife: Civet,10/08/2011,Tanzania
KR534247,AF1b_B1.1.1,2011,Serengeti,-1.738658404,34.58884876,Domestic dog,12/08/2011,Tanzania
KR534248,AF1b_B1.1.1,2011,Serengeti,-1.629875,34.363403,Livestock: Cow,01/08/2011,Tanzania
KR534249,AF1b_B1.1.1,2011,Serengeti,-1.832655032,34.60324708,Domestic dog,18/08/2011,Tanzania
KR534254,AF1b_B1.1.1,2011,Serengeti,-1.736263,34.630161,Cat,09/09/2011,Tanzania
KR906755,AF1b_B1.1.1,2011,Serengeti,-1.601712278,34.41290548,Livestock: Cow,02/01/2011,Tanzania
KR906758,AF1b_B1.1.1,2010,Morogoro,-6.732339186,37.8835558,Domestic dog,04/04/2010,Tanzania
KR906771,AF1b_B1.1.1,2011,Serengeti,-1.606757614,34.3755925,Domestic dog,15/08/2011,Tanzania
KR906782,AF1b_B1.1.1,2012,Serengeti,-1.739437,34.357349,Domestic dog,29/04/2012,Tanzania
KR906787,AF1b_B1.1.1,2012,Serengeti,-1.835480627,34.66763712,Domestic dog,07/07/2012,Tanzania
KY210225,AF1b_B1.1.1,2011,Serengeti,-1.589044,34.3137,Livestock: Goat,21/02/2011,Tanzania
KY210229,AF1b_B1.1.1,2011,Serengeti,-1.790321542,34.59307186,Domestic dog,22/05/2011,Tanzania
KY210231,AF1b_B1.1.1,2011,Serengeti,-1.874362284,34.77298852,Domestic dog,01/06/2011,Tanzania
KY210232,AF1b_B1.1.1,2011,Serengeti,-1.837683141,34.68151584,Domestic dog,20/06/2011,Tanzania
KY210234,AF1b_B1.1.1,2011,Serengeti,-1.83625967,34.70431552,Domestic dog,03/07/2011,Tanzania
KY210235,AF1b_B1.1.1,2011,Serengeti,-1.753548724,34.78332227,Domestic dog,10/06/2011,Tanzania
KY210238,AF1b_B1.1.1,2011,Serengeti,-1.738658404,34.58884876,Domestic dog,23/07/2011,Tanzania
KY210239,AF1b_B1.1.1,2011,Serengeti,-1.833021191,34.67686498,Domestic dog,23/07/2011,Tanzania
KY210241,AF1b_B1.1.1,2011,Serengeti,-1.820089877,34.75171644,Livestock: Goat,24/07/2011,Tanzania
KY210243,AF1b_B1.1.1,2011,Serengeti,-1.826392934,34.76079046,Domestic dog,25/07/2011,Tanzania
KY210246,AF1b_B1.1.1,2012,Serengeti,-1.779241834,34.71449856,Livestock: Sheep,17/09/2012,Tanzania
KY210247,AF1b_B1.1.1,2012,Serengeti,-1.834464314,34.69989205,Domestic dog,04/10/2012,Tanzania
KY210249,AF1b_B1.1.1,2012,Serengeti,-1.995745,34.66124,Domestic dog,13/10/2012,Tanzania
KY210250,AF1b_B1.1.1,2012,Serengeti,-1.684725023,34.29282905,Domestic dog,13/11/2012,Tanzania
KY210251,AF1b_B1.1.1,2012,Serengeti,-1.667687787,34.31485692,Domestic dog,10/11/2012,Tanzania
KY210258,AF1b_B1.1.1,2013,Serengeti,-1.837091,34.686234,Domestic dog,02/01/2013,Tanzania
KY210259,AF1b_B1.1.1,2013,Serengeti,-1.741049,34.367785,Cat,22/02/2013,Tanzania
KY210260,AF1b_B1.1.1,2013,Serengeti,-1.841545133,34.67144448,Domestic dog,25/02/2013,Tanzania
KY210271,AF1b_B1.1.1,2013,Serengeti,-1.852203903,34.53624986,Domestic dog,03/09/2013,Tanzania
KY210272,AF1b_B1.1.1,2013,Serengeti,-1.775961,34.778724,Domestic dog,22/08/2013,Tanzania
KY210289,AF1b_B1.1.1,2012,Serengeti,-1.81842,34.672699,Domestic dog,30/04/2012,Tanzania
KY210290,AF1b_B1.1.1,2012,Serengeti,-1.875844,34.664538,Domestic dog,06/05/2012,Tanzania
KY210291,AF1b_B1.1.1,2012,Serengeti,-1.830894376,34.62006157,Wildlife: Jackal,06/05/2012,Tanzania
KY210292,AF1b_B1.1.1,2012,Serengeti,-1.971009576,34.6261785,Domestic dog,11/05/2012,Tanzania
KY210293,AF1b_B1.1.1,2012,Serengeti,-1.971009576,34.6261785,Domestic dog,17/05/2012,Tanzania
KY210299,AF1b_B1.1.1,2012,Serengeti,-1.884645245,34.69976032,Domestic dog,19/07/2012,Tanzania
KY210300,AF1b_B1.1.1,2012,Serengeti,-1.91456387,34.75842481,Domestic dog,19/07/2012,Tanzania
KY210301,AF1b_B1.1.1,2012,Serengeti,-1.812616,34.601297,Livestock: Cow,16/07/2012,Tanzania
KY210302,AF1b_B1.1.1,2012,Serengeti,-1.962222,34.641918,Livestock: Goat,21/07/2012,Tanzania
KY210307,AF1b_B1.1.1,2012,Serengeti,-1.887671,34.638017,Domestic dog,24/03/2012,Tanzania
AR02,AF1b_B1.2,2021,Arusha urban,-3.386925,36.682995,Domestic dog,21/12/2021,Tanzania
AR03,AF1b_B1.2,2022,Arusha urban,-3.386925,36.682995,Domestic Dog,10/03/2022,Tanzania
HB002,AF1b_B1.2,2019,Kilimanjaro,-2.97557,37.3581,Human,16/09/2019,Tanzania
KR534253,AF1b_B1.2,2011,Serengeti,-1.768012456,34.41352868,Domestic dog,05/10/2011,Tanzania
KR906773,AF1b_B1.2,2011,Serengeti,-1.774982,34.40602,Domestic dog,28/09/2011,Tanzania
KR906778,AF1b_B1.2,2011,Serengeti,-1.82314972,34.63367088,Domestic dog,22/12/2011,Tanzania
KR906780,AF1b_B1.2,2011,Serengeti,-1.600631903,34.33863999,Livestock: Sheep,22/12/2011,Tanzania
KR906781,AF1b_B1.2,2012,Serengeti,-1.778860412,34.40879108,Domestic dog,09/04/2012,Tanzania
KY210268,AF1b_B1.2,2013,Serengeti,-1.997401077,34.65966833,Livestock: Cow,26/05/2013,Tanzania
KY210278,AF1b_B1.2,2011,Serengeti,-1.818359164,34.62094911,Domestic dog,16/12/2011,Tanzania
KY210286,AF1b_B1.2,2011,Serengeti,-1.612021427,34.37582072,Domestic dog,10/12/2011,Tanzania
KY210287,AF1b_B1.2,2012,Serengeti,-1.774491547,34.45567026,Domestic dog,22/03/2012,Tanzania
KY210288,AF1b_B1.2,2012,Serengeti,-1.776671739,34.40867257,Domestic dog,12/04/2012,Tanzania
KY210295,AF1b_B1.2,2012,Serengeti,-1.639572,34.46372,Domestic dog,30/03/2012,Tanzania
KY210296,AF1b_B1.2,2012,Serengeti,-1.767616,34.411695,Domestic dog,07/05/2012,Tanzania
KY210308,AF1b_B1.2,2012,Serengeti,-1.600632,34.33864,Livestock: Cow,03/01/2012,Tanzania
MN726802,AF1b_B1.2,2016,Chake Chake,-5.221349,39.735532,Domestic dog,07/10/2016,Tanzania
MN726807,AF1b_B1.2,2017,Wete,-5.053534,39.768481,Domestic dog,14/05/2017,Tanzania
MN726808,AF1b_B1.2,2016,Serengeti,-1.614935,34.360078,Domestic dog,15/02/2016,Tanzania
MN726809,AF1b_B1.2,2016,Wete,-5.054709,39.813677,Domestic dog,09/11/2016,Tanzania
MN726815,AF1b_B1.2,2015,Serengeti,-1.734807,34.625039,Wildlife: Jackal,30/09/2015,Tanzania
MN726817,AF1b_B1.2,2016,Serengeti,-1.567988,34.365148,Livestock: Cow,20/02/2016,Tanzania
MN726818,AF1b_B1.2,2015,Serengeti,-1.808951,34.59278,Domestic dog,17/12/2015,Tanzania
MN726820,AF1b_B1.2,2017,Tarime,-1.392175,34.542305,Cat,29/07/2017,Tanzania
MN726823,AF1b_B1.2,2017,Serengeti,-1.807444719,34.68863267,Livestock: Goat,26/09/2017,Tanzania
MN726825,AF1b_B1.2,2015,Serengeti,-1.734807,34.625039,Wildlife: Jackal,30/09/2015,Tanzania
MN726828,AF1b_B1.2,2017,Wete,-5.122671,39.768271,Livestock: Goat,05/02/2017,Tanzania
MN726835,AF1b_B1.2,2017,Micheweni,-4.979113,39.735025,Domestic dog,17/02/2017,Tanzania
RB001,AF1b_B1.2,2019,Arusha urban,-3.386925,36.682995,Domestic dog,01/09/2019,Tanzania
RB004,AF1b_B1.2,2021,Arusha urban,-3.386925,36.682995,Domestic Dog,14/04/2021,Tanzania
SD734,AF1b_B1.2,2018,Serengeti ,-1.828115,34.708036,Domestic dog,19/11/2018,Tanzania
SD735,AF1b_B1.2,2020,Serengeti ,-1.819467,34.503827,Domestic dog,23/09/2020,Tanzania
SD736,AF1b_B1.2,2020,Serengeti ,-1.840833,34.66404,Domestic Dog,01/06/2020,Tanzania
SD738,AF1b_B1.2,2018,Serengeti ,-1.835733,34.681618,Domestic dog,24/12/2018,Tanzania
SD740,AF1b_B1.2,2019,Serengeti ,-1.6332469,34.3571239,Domestic Dog,15/02/2019,Tanzania
SD741,AF1b_B1.2,2019,Serengeti ,-1.7861379,34.8026443,Domestic dog,30/01/2019,Tanzania
SD743,AF1b_B1.2,2019,Serengeti ,-1.730158674,34.4964275,Domestic dog,22/03/2019,Tanzania
SD744,AF1b_B1.2,2019,Serengeti ,-1.840844136,34.66041726,Domestic dog,27/03/2019,Tanzania
SD747,AF1b_B1.2,2019,Serengeti ,-1.52823146,34.44576024,Domestic Dog,19/06/2019,Tanzania
SD749,AF1b_B1.2,2019,Serengeti ,-1.524610645,34.48028966,Domestic dog,24/06/2019,Tanzania
SD755,AF1b_B1.2,2021,Serengeti ,-1.840844136,34.66041726,Domestic Dog,14/04/2021,Tanzania
SD760,AF1b_B1.2,2020,Serengeti ,-1.770711,34.787083,Domestic dog,02/07/2020,Tanzania
SD764,AF1b_B1.2,2021,Serengeti ,-2.279346,34.7966,,14/11/2021,Tanzania
SD804,AF1b_B1.2,2021,Serengeti ,-1.82378,34.622,Domestic dog,26/10/2021,Tanzania
SD806,AF1b_B1.2,2021,Butiama,-1.551249,33.955434,Domestic dog,26/10/2021,Tanzania
SD812,AF1b_B1.2,2021,Serengeti ,-1.878369,34.515877,Domestic dog,21/12/2021,Tanzania
SD816,AF1b_B1.2,2022,Serengeti ,-1.685375,33.972315,Domestic Dog,09/02/2022,Tanzania
SD821,AF1b_B1.2,2022,Serengeti ,-1.851277,34.013583,Domestic Dog,29/03/2022,Tanzania
SD832,AF1b_B1.2,2022,Serengeti ,-1.132846,34.04667,Domestic dog,16/03/2022,Tanzania
SD834,AF1b_B1.2,2022,Rorya,-1.146756,34.051474,Domestic dog,03/07/2022,Tanzania
SD835,AF1b_B1.2,2022,Serengeti ,-1.899532,34.647361,Cow,28/05/2022,Tanzania
SD846,AF1b_B1.2,2022,Ngorongoro,-3.060711,35.830041,Human,03/10/2022,Tanzania
Z0083192,AF1b_B1.2,2020,makueni,-1.786495,37.631107,Domestic dog,17/12/2020,Kenya
Z0083204,AF1b_B1.2,2021,Kibwezi East,-2.410524,37.967847,Domestic dog,17/08/2021,Kenya
Z0083205,AF1b_B1.2,2021,Makueni,-1.799008071,37.59439993,Domestic dog,13/04/2021,Kenya
Z0083214,AF1b_B1.2,2021,Mbooni East,-1.667077,37.4615,Caprine,02/07/2021,Kenya
Z0083216,AF1b_B1.2,2021,Kathonzweni,-1.9131016,37.7317411,Bovine,18/07/2021,Kenya
Z0083218,AF1b_B1.2,2021,Makueni,-1.799008071,37.59439993,Domestic dog,10/08/2021,Kenya
Z0083219,AF1b_B1.2,2021,Makueni,-1.799008071,37.59439993,Feline,10/08/2021,Kenya
Z0083220,AF1b_B1.2,2021,Makueni,-1.799008071,37.59439993,Domestic dog,05/08/2021,Kenya
Z0083221,AF1b_B1.2,2021,Makueni,-1.799008071,37.59439993,Domestic dog,11/08/2021,Kenya
Z0083223,AF1b_B1.2,2021,Makueni,-1.799008071,37.59439993,Caprine,02/09/2021,Kenya
Z0083224,AF1b_B1.2,2021,Makueni,-1.799008071,37.59439993,Domestic dog,03/09/2021,Kenya
Z0083225,AF1b_B1.2,2021,Makueni,-1.799008071,37.59439993,Domestic dog,27/09/2021,Kenya
Z0083226,AF1b_B1.2,2021,Kibwezi West,-0.022929853,34.12224665,Domestic dog,24/09/2021,Kenya
Z0083227,AF1b_B1.2,2021,Kathonzweni,-1.9131016,37.7317411,Domestic dog,27/09/2021,Kenya
Z0083228,AF1b_B1.2,2021,Makueni,-1.799008071,37.59439993,Domestic dog,01/09/2021,Kenya
Z0083229,AF1b_B1.2,2021,Makueni,-1.799008071,37.59439993,Domestic dog,01/09/2021,Kenya
Z0083231,AF1b_B1.2,2021,Mbooni East,-1.667077,37.4615,Domestic dog,09/08/2021,Kenya
Z0083233,AF1b_B1.2,2021,Kibwezi East,-2.410524,37.967847,Domestic dog,24/09/2021,Kenya
Z0083235,AF1b_B1.2,2021,makueni,-1.786495,37.631107,Domestic dog,29/11/2021,Kenya
Z0083236,AF1b_B1.2,2021,makueni,-1.786495,37.631107,Domestic dog,13/10/2021,Kenya
Z0083237,AF1b_B1.2,2021,Kathonzweni,-1.9131016,37.7317411,Domestic dog,01/10/2021,Kenya
Z0083239,AF1b_B1.2,2021,Makueni,-1.799008071,37.59439993,Bovine,13/09/2021,Kenya
Z0083240,AF1b_B1.2,2021,Kathonzweni,-1.9131016,37.7317411,Domestic dog,04/12/2021,Kenya
Z0083243,AF1b_B1.2,2021,Kathonzweni,-1.9131016,37.7317411,Domestic dog,18/11/2021,Kenya
Z00832441,AF1b_B1.2,2021,Kathonzweni,-1.9131016,37.7317411,Domestic dog,19/11/2021,Kenya
Z00832442,AF1b_B1.2,2021,Kathonzweni,-1.9131016,37.7317411,Bovine,21/11/2021,Kenya
Z00832443,AF1b_B1.2,2021,Kathonzweni,-1.90833346,37.7243881,Domestic dog,18/11/2021,Kenya
Z0083245,AF1b_B1.2,2021,makueni,-1.786495,37.631107,Domestic dog,05/11/2021,Kenya
Z0083249,AF1b_B1.2,2022,Kanthuni,-1.851837756,37.88033534,Caprine,14/02/2022,Kenya
Z0083252,AF1b_B1.2,2021,makueni,-1.786495,37.631107,Goat,29/12/2021,Kenya
Z0083253,AF1b_B1.2,2021,makueni,-1.786495,37.631107,Domestic dog,30/12/2021,Kenya
Z0083261,AF1b_B1.2,2022,Muvau,-1.8516625,37.6547936,Caprine,01/03/2022,Kenya
Z0083262,AF1b_B1.2,2022,Kathonzweni,-1.900881571,37.73942683,Domestic dog,25/02/2022,Kenya
Z0083263,AF1b_B1.2,2022,Muvau,-1.904419027,37.64380591,Domestic dog,25/02/2022,Kenya
Z0083265,AF1b_B1.2,2021,Kithuki,-1.968343151,37.88137117,Feline,14/03/2021,Kenya
Z0829313,AF1b_B1.2,2022,Kikoko,-1.798023,37.3693556,Domestic dog,22/08/2022,Kenya
Z0829323,AF1b_B1.2,2022,Kyeemundu,-1.9545825,37.477391,Caprine,05/07/2022,Kenya
Z0829325,AF1b_B1.2,2022,Kathonzweni,-1.8841657,37.7251635,Domestic dog,15/06/2022,Kenya
Z0829333,AF1b_B1.2,2022,Mukaa,-1.8189811,37.3369929,Bovine,03/06/2022,Kenya
Z0829334,AF1b_B1.2,2022,Kwa Kavisi,-1.9998655,37.7064121,Domestic dog,04/06/2022,Kenya
Z0829335,AF1b_B1.2,2022,Kavuthu,-2.0027478,37.4159767,Domestic dog,16/05/2022,Kenya
Z0829337,AF1b_B1.2,2022,Mbuvo,-2.0353289,37.769492,Domestic dog,10/05/2022,Kenya
Z0829340,AF1b_B1.2,2022,Emali,-2.0574213,37.5267921,Domestic dog,20/04/2022,Kenya
Z0829341,AF1b_B1.2,2022,Muvau,-1.8823492,37.6005636,Domestic dog,23/04/2022,Kenya
Z0829343,AF1b_B1.2,2022,Nzalubani,-2.5938617,38.0650083,Caprine,12/04/2022,Kenya
Z0829344,AF1b_B1.2,2022,Mbuvo,-1.9667191,37.7664408,Caprine,30/03/2022,Kenya
KR534235,AF1b_B1.3,2011,Serengeti,-1.795221,34.543149,Livestock: Cow,19/01/2011,Tanzania
KR534236,AF1b_B1.3,2011,Serengeti,-1.807218,34.472432,Livestock: Cow,30/01/2011,Tanzania
KR534237,AF1b_B1.3,2011,Serengeti,-1.807218,34.472432,Livestock: Cow,31/01/2011,Tanzania
KR534250,AF1b_B1.3,2011,Serengeti,-1.733649707,34.60831111,Domestic dog,02/09/2011,Tanzania
KR534256,AF1b_B1.3,2011,Serengeti,-1.768367,34.469327,Livestock: Cow,12/11/2011,Tanzania
KR906788,AF1b_B1.3,2012,Serengeti,-1.794747,34.402727,Domestic dog,02/04/2012,Tanzania
KR906792,AF1b_B1.3,2012,Serengeti,-1.816413171,34.32556688,Domestic dog,26/04/2012,Tanzania
KY210224,AF1b_B1.3,2010,Serengeti,-1.704788,34.53611,Domestic dog,20/06/2010,Tanzania
KY210226,AF1b_B1.3,2011,Serengeti,-1.631702209,34.34976037,Domestic dog,01/03/2011,Tanzania
KY210230,AF1b_B1.3,2011,Serengeti,-1.737540929,34.60544745,Livestock: Cow,06/06/2011,Tanzania
KY210236,AF1b_B1.3,2011,Serengeti,-1.737540929,34.60544745,Livestock: Cow,02/07/2011,Tanzania
KY210244,AF1b_B1.3,2011,Serengeti,-1.8674255,34.80035626,Domestic dog,29/07/2011,Tanzania
KY210248,AF1b_B1.3,2012,Serengeti,-1.772005842,34.54260852,Domestic dog,02/09/2012,Tanzania
KY210262,AF1b_B1.3,2013,Serengeti,-1.739132,34.56301,Livestock: Goat,27/02/2013,Tanzania
KY210265,AF1b_B1.3,2013,Serengeti,-1.733532,34.778514,Domestic dog,18/02/2013,Tanzania
KY210273,AF1b_B1.3,2013,Serengeti,-1.794046,34.742642,Domestic dog,06/09/2013,Tanzania
KY210276,AF1b_B1.3,2013,Serengeti,-1.691673,34.719012,Livestock: Cow,25/04/2013,Tanzania
KY210297,AF1b_B1.3,2012,Serengeti,-1.630528,34.463714,Livestock: Sheep,25/06/2012,Tanzania
KY210298,AF1b_B1.3,2012,Serengeti,-1.639572,34.46372,Livestock: Goat,28/06/2012,Tanzania
KY210303,AF1b_B1.3,2012,Serengeti,-1.763147233,34.54811066,Domestic dog,16/07/2012,Tanzania
KY210305,AF1b_B1.3,2012,Serengeti,-1.58214,34.426598,Wildlife: Hyena,08/08/2012,Tanzania
KF155002,AF1b_C1,2010,Kibaha,-6.784121622,38.76459093,Domestic dog,02/08/2010,Tanzania
KR906740,AF1b_C1,2009,Serengeti,-2.15999772,34.67903027,Wildlife: Wild cat,15/02/2009,Tanzania
KR906742,AF1b_C1,2009,Serengeti,-2.016282,34.485159,Domestic dog,12/09/2009,Tanzania
KR906750,AF1b_C1,2010,Chake Chake,-5.260469,39.815016,Domestic dog,15/12/2010,Tanzania
KR906754,AF1b_C1,2011,Nachingwea,-10.39948846,38.3677193,Unknown,28/02/2011,Tanzania
KR906768,AF1b_C1,2011,Serengeti,-1.757344,34.566557,Domestic dog,11/05/2011,Tanzania
MN726804,AF1b_C1,2015,Temeke,-6.977593,39.407102,Unknown,19/10/2001,Tanzania
MN726824,AF1b_C1,2016,Chake Chake,-5.232828,39.837161,Domestic dog,15/09/2016,Tanzania
MN726826,AF1b_C1,2016,Wete,-5.05242071,39.73783143,Domestic dog,21/09/2016,Tanzania
MN726827,AF1b_C1,2017,Wete,-5.111605,39.746906,Domestic dog,12/05/2017,Tanzania
MORDC1011,AF1b_C1,2022,Morogoro urban ,-7.195774,37.842235,Donkey,01/08/2022,Tanzania
MR002,AF1b_C1,2021,Morogoro urban ,-6.830373,37.670589,Domestic dog,11/03/2021,Tanzania
MR003,AF1b_C1,2021,Morogoro urban ,-6.830373,37.670589,Domestic dog,07/05/2021,Tanzania
MR004,AF1b_C1,2021,Morogoro urban ,-6.830373,37.670589,Domestic dog,07/05/2021,Tanzania
IFA1021,C1.1,2022,Ifakara,-8.400762,36.559167,Domestic Dog,11/08/2022,Tanzania
KR534230,G1,2010,Serengeti,-1.737859196,34.60341658,Domestic dog,01/11/2010,Tanzania
KR906769,G1,2011,Serengeti,-1.857007591,34.80980895,Domestic dog,17/06/2011,Tanzania
KR906770,G1,2011,Serengeti,-1.701697797,34.61986876,Domestic dog,29/06/2011,Tanzania
KR906776,G1,2011,Serengeti,-1.774843479,34.80294235,Livestock: Cow,16/10/2011,Tanzania
KR906777,G1,2011,Serengeti,-1.88072417,34.76833954,Domestic dog,05/12/2011,Tanzania
KR906784,G1,2012,Serengeti,-1.723581,34.420425,Livestock: Goat,06/06/2012,Tanzania
KR906789,G1,2012,Serengeti,-1.806554,34.805633,Domestic dog,04/07/2012,Tanzania
KY210227,G1,2011,Serengeti,-1.758943,34.546849,Domestic dog,19/04/2011,Tanzania
KY210233,G1,2011,Serengeti,-1.730459187,34.61666655,Livestock: Goat,30/06/2011,Tanzania
KY210237,G1,2011,Serengeti,-1.745609323,34.78311707,Livestock: Cow,07/07/2011,Tanzania
KY210240,G1,2011,Serengeti,-1.747821,34.576499,Livestock: Cow,21/07/2011,Tanzania
KY210242,G1,2011,Serengeti,-1.854286497,34.80907824,Livestock: Goat,21/07/2011,Tanzania
KY210257,G1,2013,Serengeti,-1.714856168,34.72271691,Domestic dog,08/01/2013,Tanzania
KY210261,G1,2013,Serengeti,-1.88193,34.76569,Livestock: Goat,11/04/2013,Tanzania
KY210269,G1,2013,Serengeti,-1.864804,34.799922,Domestic dog,18/07/2013,Tanzania
KY210270,G1,2013,Serengeti,-1.868691,34.800699,Domestic dog,17/07/2013,Tanzania
KY210274,G1,2013,Serengeti,-1.872764,34.779152,Livestock: Cow,04/09/2013,Tanzania
KY210277,G1,2011,Serengeti,-1.897895,34.769498,Livestock: Cow,28/11/2011,Tanzania
KY210279,G1,2011,Serengeti,-1.88161506,34.79017037,Domestic dog,21/12/2011,Tanzania
KY210283,G1,2012,Serengeti,-1.897371647,34.76879676,Livestock: Cow,19/01/2012,Tanzania
KY210284,G1,2012,Serengeti,-1.777412688,34.75527045,Wildlife: Jackal,06/03/2012,Tanzania
KY210294,G1,2012,Serengeti,-1.719624361,34.40165532,Domestic dog,28/05/2012,Tanzania
KY210304,G1,2012,Serengeti,-1.827342,34.66763,Domestic dog,07/07/2012,Tanzania
KY210310,G1,2012,Serengeti,-1.750940262,34.74958402,Livestock: Goat,23/01/2012,Tanzania
LN004,G1,2018,Mtama,-10.300802,39.364712,Domestic dog,21/06/2018,Tanzania
SD745,H1.4,2019,Serengeti ,-1.840844136,34.66041726,Domestic dog,27/03/2019,Tanzania
SD785,H1.4,2021,Serengeti ,-1.840844136,34.66041726,Cat,14/04/2021,Tanzania