name	pool	seq	size	%gc	tm (use 65)
EA_2024_1_LEFT	1	GTATGTTCCTACCTGGCAGCAG	22	54.55	60.92
EA_2024_1_RIGHT	1	GACTTCCCACTCAAGCCTAGTG	22	54.55	60.53
EA_2024_2_LEFT	2	CCATAAGAACTTTGAGGAAGAGATAAGAAG	30	36.67	60.64
EA_2024_2_RIGHT	2	CTCGGATTGACGAAGATCTTGC	22	50.00	59.64
EA_2024_3_LEFT	1	GAAACCAGAAGTCCAGAAGCTGT	23	47.83	61.00
EA_2024_3_RIGHT	1	TCTCGACCAGTGGTTTGGGT	20	55.00	61.07
EA_2024_4_LEFT	2	TGAGGTCAGGAGAAAGGTTCCT	22	50.00	60.62
EA_2024_4_RIGHT	2	GTCCTCATCCCTACAGTTTTTCACT	25	44.00	60.90
EA_2024_5_LEFT	1	AAAAACAGGCAACACCACTGATAAAA	26	34.62	61.02
EA_2024_5_RIGHT	1	CCCGTATGTTCTCTCCTCCAGA	22	54.55	60.87
EA_2024_6_LEFT	2	AGGATGATTGGGTTAGTCAAAGTTGT	26	38.46	61.14
EA_2024_6_RIGHT	2	ATTGTTTGGGCAGCTGAGATGA	22	45.45	60.74
EA_2024_7_LEFT	1	CGCTGCATTTTATCAAAGTCAAGTT	25	36.00	59.74
EA_2024_7_RIGHT	1	AGACGTCCCTAGTCTCGGATT	21	52.38	59.89
EA_2024_8_LEFT	2	TTGGACCCATATGACAAATCCCT	23	43.48	59.73
EA_2024_8_RIGHT	2	GGATCAGAACATGGCCGTCA	20	55.00	60.12
EA_2024_9_LEFT	1	CACGACTTTCGCTCGGATGAA	21	52.38	61.09
EA_2024_9_RIGHT	1	CTCCCATGAAGATATGACCTTCCC	24	50.00	60.59
EA_2024_10_LEFT	2	CCTGATGTGCACAAACAGGTCT	22	50.00	61.25
EA_2024_10_RIGHT	2	AAGCTTAGATGACCCAGCCCT	21	52.38	61.01
EA_2024_11_LEFT	1	AGTGACCAACGGTGCTTTCA	20	50.00	60.12
EA_2024_11_RIGHT	1	TGGAGTAGAAATGGGCCAAGTC	22	50.00	60.21
EA_2024_12_LEFT	2	GACCTTATCGGATGACTCTGACAG	24	50.00	60.58
EA_2024_12_RIGHT	2	CATAGCCGGAGTTTCCACACAT	22	50.00	60.86
EA_2024_13_LEFT	1	GATCTTTTCTTGTCTCGCTTCAACT	25	40.00	60.20
EA_2024_13_RIGHT	1	GACGGGTCCATTGATTCAGGAA	22	50.00	60.54
EA_2024_14_LEFT	2	TAGCCAGGAGGATTCTTAGATGGG	24	50.00	61.33
EA_2024_14_RIGHT	2	GAGAATACATCCTCTGTTGACTCTAATC	28	39.29	59.72
EA_2024_15_LEFT	1	GGGCAAGGGCTTTTGGACTA	20	55.00	60.27
EA_2024_15_RIGHT	1	CATTGGTGGACACTGTCGACAT	22	50.00	61.05
EA_2024_16_LEFT	2	GGAAAACTCCCTTGTTTCGAGG	22	50.00	59.63
EA_2024_16_RIGHT	2	AGAAATCGAGGAAACAGAGGCTC	23	47.83	60.62
EA_2024_17_LEFT	1	GGCAGTCTTCCACTACCTGTTATT	24	45.83	60.65
EA_2024_17_RIGHT	1	AGGTGTCTGGGTCATCCGATT	21	52.38	61.01
EA_2024_18_LEFT	2	AAAACTCCCGGACGATAAGAAGG	23	47.83	60.62
EA_2024_18_RIGHT	2	ACATGAAATCGTAGTTCTTCCCGT	24	41.67	60.64
EA_2024_19_LEFT	1	TCTGCCAGATACAGCGAAGG	20	55.00	59.55
EA_2024_19_RIGHT	1	AATATTTCTCCTCTAAGAGACGGTTCT	27	37.04	59.94
EA_2024_20_LEFT	2	TTCCCTGTCAACATATACGGCAA	23	43.48	60.31
EA_2024_20_RIGHT	2	TGAGCAGAGCAGACCCATTC	20	55.00	59.77
EA_2024_21_LEFT	1	TGAGCTCTTTGATGAGGCAGGT	22	50.00	61.87
EA_2024_21_RIGHT	1	TCCGCATCACAAATAATGAGGTCA	24	41.67	60.95
EA_2024_22_LEFT	2	GAGTGATAGATTTTGACTCAATCTGGG	27	40.74	60.26
EA_2024_22_RIGHT	2	TTTGGGATCAGACGGCGGATA	21	52.38	61.41
EA_2024_23_LEFT	1	TGTCAAGAGCGTTCCCCTCA	20	55.00	61.14
EA_2024_23_RIGHT	1	TCAACCTGATCCAGTGAGACGA	22	50.00	61.00
